-- phpMyAdmin SQL Dump
-- version 5.2.0
-- https://www.phpmyadmin.net/
--
-- Host: 127.0.0.1:3306
-- Generation Time: Apr 07, 2023 at 06:31 PM
-- Server version: 8.0.31
-- PHP Version: 8.0.26

SET SQL_MODE = "NO_AUTO_VALUE_ON_ZERO";
START TRANSACTION;
SET time_zone = "+00:00";


/*!40101 SET @OLD_CHARACTER_SET_CLIENT=@@CHARACTER_SET_CLIENT */;
/*!40101 SET @OLD_CHARACTER_SET_RESULTS=@@CHARACTER_SET_RESULTS */;
/*!40101 SET @OLD_COLLATION_CONNECTION=@@COLLATION_CONNECTION */;
/*!40101 SET NAMES utf8mb4 */;

--
-- Database: `efrei_rs`
--

--
-- Dumping data for table `category`
--

INSERT INTO `category` (`id`, `created_at`, `modified_at`, `name`, `post_id`) VALUES
(1, '2023-04-07 19:34:51', '2023-04-07 19:34:51', 'Sport', 1),
(2, '2023-04-07 19:34:51', '2023-04-07 19:34:51', 'Musique', 1),
(3, '2023-04-07 19:34:51', '2023-04-07 19:34:51', 'Cuisine', 2),
(4, '2023-04-07 19:34:51', '2023-04-07 19:34:51', 'Voyages', 3),
(5, '2023-04-07 19:34:51', '2023-04-07 19:34:51', 'Cinéma', 4),
(6, '2023-04-07 19:34:51', '2023-04-07 19:34:51', 'Lecture', 5),
(7, '2023-04-07 19:34:51', '2023-04-07 19:34:51', 'Informatique', 6),
(8, '2023-04-07 19:34:51', '2023-04-07 19:34:51', 'Animaux', 7),
(9, '2023-04-07 19:34:51', '2023-04-07 19:34:51', 'Santé', 8);

--
-- Dumping data for table `comment`
--

INSERT INTO `comment` (`id`, `created_at`, `modified_at`, `content`) VALUES
(1, '2023-04-07 19:35:20', '2023-04-07 19:35:20', 'Ceci est un commentaire intéressant.'),
(2, '2023-04-07 19:35:20', '2023-04-07 19:35:20', 'Super post, j\'ai adoré !'),
(3, '2023-04-07 19:35:20', '2023-04-07 19:35:20', 'Je ne suis pas d\'accord avec tout ce qui est dit ici, mais c\'est quand même intéressant.'),
(4, '2023-04-07 19:35:20', '2023-04-07 19:35:20', 'Bravo pour ce post très instructif.'),
(5, '2023-04-07 19:35:20', '2023-04-07 19:35:20', 'J\'ai appris quelque chose de nouveau en lisant cela, merci.'),
(6, '2023-04-07 19:35:20', '2023-04-07 19:35:20', 'Très bon point de vue, je suis d\'accord.'),
(7, '2023-04-07 19:35:20', '2023-04-07 19:35:20', 'C\'est toujours agréable de lire un post bien rédigé comme celui-ci.'),
(8, '2023-04-07 19:35:20', '2023-04-07 19:35:20', 'J\'ai trouvé ce post très utile.'),
(9, '2023-04-07 19:35:20', '2023-04-07 19:35:20', 'Merci pour les informations, c\'est exactement ce que je cherchais.'),
(10, '2023-04-07 19:35:20', '2023-04-07 19:35:20', 'Très intéressant, merci pour ce partage.'),
(11, '2023-04-07 19:35:20', '2023-04-07 19:35:20', 'J\'ai partagé ce post avec mes amis, ils l\'ont aussi trouvé intéressant.'),
(12, '2023-04-07 19:35:20', '2023-04-07 19:35:20', 'Je ne suis pas d\'accord avec certains points, mais c\'est quand même un bon post.'),
(13, '2023-04-07 19:35:20', '2023-04-07 19:35:20', 'Je suis impressionné par la qualité de cet article.'),
(14, '2023-04-07 19:35:20', '2023-04-07 19:35:20', 'Je suis d\'accord avec tout ce qui est dit ici.'),
(15, '2023-04-07 19:35:20', '2023-04-07 19:35:20', 'Excellent post, j\'ai tout aimé.'),
(16, '2023-04-07 19:35:20', '2023-04-07 19:35:20', 'Merci pour les informations, je les ai trouvées très utiles.'),
(17, '2023-04-07 19:35:20', '2023-04-07 19:35:20', 'Je suis content de voir que quelqu\'un partage mon point de vue.'),
(18, '2023-04-07 19:35:20', '2023-04-07 19:35:20', 'C\'est toujours agréable de trouver un post intéressant sur ce sujet.'),
(19, '2023-04-07 19:35:20', '2023-04-07 19:35:20', 'Je suis fier de dire que j\'ai appris quelque chose de nouveau aujourd\'hui.'),
(20, '2023-04-07 19:35:20', '2023-04-07 19:35:20', 'J\'ai trouvé cet article très intéressant.'),
(21, '2023-04-07 19:35:20', '2023-04-07 19:35:20', 'Bravo pour avoir abordé un sujet aussi important.'),
(22, '2023-04-07 19:35:20', '2023-04-07 19:35:20', 'Je suis d\'accord avec la plupart de ce qui est dit ici.'),
(23, '2023-04-07 19:35:20', '2023-04-07 19:35:20', 'J\'ai aimé lire ce post, merci.'),
(24, '2023-04-07 19:35:20', '2023-04-07 19:35:20', 'Je suis heureux d\'avoir trouvé un post qui traite de ce sujet.'),
(25, '2023-04-07 19:35:20', '2023-04-07 19:35:20', 'C\'est un bon post, merci.');

--
-- Dumping data for table `comment_like`
--

INSERT INTO `comment_like` (`id`, `created_at`, `modified_at`, `comment_id`, `user_id`) VALUES
(1, '2023-04-07 19:51:07', '2023-04-07 20:06:17', 1, 2),
(2, '2023-04-07 19:51:07', '2023-04-07 20:06:19', 1, 3),
(3, '2023-04-07 19:51:07', '2023-04-07 20:06:25', 2, 1),
(4, '2023-04-07 19:51:07', '2023-04-07 20:06:27', 2, 3),
(5, '2023-04-07 19:51:07', '2023-04-07 20:06:28', 3, 1),
(6, '2023-04-07 19:51:07', '2023-04-07 20:06:30', 3, 2),
(7, '2023-04-07 19:51:07', '2023-04-07 20:06:32', 4, 5),
(8, '2023-04-07 19:51:07', '2023-04-07 20:06:33', 4, 6),
(9, '2023-04-07 19:51:07', '2023-04-07 20:06:34', 5, 4),
(10, '2023-04-07 19:51:07', '2023-04-07 20:06:39', 5, 6),
(11, '2023-04-07 19:51:07', '2023-04-07 20:06:41', 6, 4),
(12, '2023-04-07 19:51:07', '2023-04-07 20:06:43', 6, 5),
(13, '2023-04-07 19:51:07', '2023-04-07 20:06:44', 7, 8),
(14, '2023-04-07 19:51:07', '2023-04-07 20:06:46', 8, 7),
(15, '2023-04-07 19:51:07', '2023-04-07 20:06:48', 9, 10),
(16, '2023-04-07 19:51:07', '2023-04-07 20:06:50', 10, 9),
(17, '2023-04-07 19:51:07', '2023-04-07 20:06:51', 11, 1),
(18, '2023-04-07 19:51:07', '2023-04-07 20:06:53', 11, 12),
(19, '2023-04-07 19:51:07', '2023-04-07 20:06:55', 11, 13),
(20, '2023-04-07 19:51:07', '2023-04-07 20:06:57', 12, 1),
(21, '2023-04-07 19:51:07', '2023-04-07 20:06:58', 12, 11),
(22, '2023-04-07 19:51:07', '2023-04-07 20:07:01', 12, 13),
(23, '2023-04-07 19:51:07', '2023-04-07 20:07:03', 13, 1),
(24, '2023-04-07 19:51:07', '2023-04-07 20:07:05', 13, 11),
(25, '2023-04-07 19:51:07', '2023-04-07 20:07:06', 13, 12),
(26, '2023-04-07 19:51:07', '2023-04-07 20:07:12', 15, 14),
(27, '2023-04-07 19:51:07', '2023-04-07 20:07:14', 16, 17),
(28, '2023-04-07 19:51:07', '2023-04-07 20:07:15', 17, 16),
(29, '2023-04-07 19:51:07', '2023-04-07 20:07:16', 18, 19),
(30, '2023-04-07 19:51:07', '2023-04-07 20:07:18', 19, 18),
(31, '2023-04-07 19:51:07', '2023-04-07 20:07:20', 21, 11),
(32, '2023-04-07 19:51:07', '2023-04-07 20:07:22', 21, 12),
(33, '2023-04-07 19:51:07', '2023-04-07 20:07:23', 21, 13),
(34, '2023-04-07 19:51:07', '2023-04-07 20:07:52', 14, 15);

--
-- Dumping data for table `follow`
--

INSERT INTO `follow` (`id`, `created_at`, `modified_at`, `user_followed_id`, `user_follower_id`) VALUES
(1, '2023-04-07 19:53:59', '2023-04-07 20:13:46', 1, 6),
(2, '2023-04-07 19:53:59', '2023-04-07 20:13:46', 1, 8),
(3, '2023-04-07 19:53:59', '2023-04-07 20:13:46', 2, 1),
(4, '2023-04-07 19:53:59', '2023-04-07 20:13:46', 2, 6),
(5, '2023-04-07 19:53:59', '2023-04-07 20:13:46', 3, 8),
(6, '2023-04-07 19:53:59', '2023-04-07 20:13:46', 3, 9),
(7, '2023-04-07 19:53:59', '2023-04-07 20:13:46', 3, 10),
(8, '2023-04-07 19:53:59', '2023-04-07 20:13:46', 4, 1),
(9, '2023-04-07 19:53:59', '2023-04-07 20:13:46', 4, 7),
(10, '2023-04-07 19:53:59', '2023-04-07 20:13:46', 4, 8),
(11, '2023-04-07 19:53:59', '2023-04-07 20:13:46', 5, 1),
(12, '2023-04-07 19:53:59', '2023-04-07 20:13:46', 5, 8),
(13, '2023-04-07 19:53:59', '2023-04-07 20:13:46', 6, 1),
(14, '2023-04-07 19:53:59', '2023-04-07 20:13:46', 6, 3),
(15, '2023-04-07 19:53:59', '2023-04-07 20:13:46', 6, 10),
(16, '2023-04-07 19:53:59', '2023-04-07 20:13:46', 8, 4),
(17, '2023-04-07 19:53:59', '2023-04-07 20:13:46', 8, 6),
(18, '2023-04-07 19:53:59', '2023-04-07 20:13:46', 8, 7),
(19, '2023-04-07 19:53:59', '2023-04-07 20:13:46', 9, 1),
(20, '2023-04-07 19:53:59', '2023-04-07 20:13:46', 9, 2),
(21, '2023-04-07 19:53:59', '2023-04-07 20:13:46', 9, 4),
(22, '2023-04-07 19:53:59', '2023-04-07 20:13:46', 9, 7),
(23, '2023-04-07 19:53:59', '2023-04-07 20:13:46', 9, 8),
(24, '2023-04-07 19:53:59', '2023-04-07 20:13:46', 10, 6),
(25, '2023-04-07 19:53:59', '2023-04-07 20:13:46', 11, 10),
(26, '2023-04-07 19:53:59', '2023-04-07 20:13:46', 12, 2),
(27, '2023-04-07 19:53:59', '2023-04-07 20:13:46', 12, 7),
(28, '2023-04-07 19:53:59', '2023-04-07 20:13:46', 13, 2),
(29, '2023-04-07 19:53:59', '2023-04-07 20:13:46', 14, 1),
(30, '2023-04-07 19:53:59', '2023-04-07 20:13:46', 14, 2),
(31, '2023-04-07 19:53:59', '2023-04-07 20:13:46', 14, 7),
(32, '2023-04-07 19:53:59', '2023-04-07 20:13:46', 14, 10),
(33, '2023-04-07 19:53:59', '2023-04-07 20:13:46', 15, 4),
(34, '2023-04-07 19:53:59', '2023-04-07 20:13:46', 15, 7),
(35, '2023-04-07 19:53:59', '2023-04-07 20:13:46', 15, 9),
(36, '2023-04-07 19:53:59', '2023-04-07 20:13:46', 15, 10),
(37, '2023-04-07 19:53:59', '2023-04-07 20:13:46', 16, 3),
(38, '2023-04-07 19:53:59', '2023-04-07 20:13:46', 16, 6),
(39, '2023-04-07 19:53:59', '2023-04-07 20:13:46', 16, 10),
(40, '2023-04-07 19:53:59', '2023-04-07 20:13:46', 17, 2),
(41, '2023-04-07 19:53:59', '2023-04-07 20:13:46', 17, 6),
(42, '2023-04-07 19:53:59', '2023-04-07 20:13:46', 17, 8),
(43, '2023-04-07 19:53:59', '2023-04-07 20:13:46', 17, 9),
(44, '2023-04-07 19:53:59', '2023-04-07 20:13:46', 18, 6),
(45, '2023-04-07 19:53:59', '2023-04-07 20:13:46', 19, 1),
(46, '2023-04-07 19:53:59', '2023-04-07 20:13:46', 19, 3),
(47, '2023-04-07 19:53:59', '2023-04-07 20:13:46', 20, 4),
(48, '2023-04-07 19:53:59', '2023-04-07 20:13:46', 20, 5),
(49, '2023-04-07 19:53:59', '2023-04-07 20:13:46', 20, 6),
(50, '2023-04-07 19:53:59', '2023-04-07 20:13:46', 20, 8);

--
-- Dumping data for table `post`
--

INSERT INTO `post` (`id`, `created_at`, `modified_at`, `user_id`, `description`) VALUES
(1, '2023-04-07 15:58:43', '2023-04-07 15:58:43', 1, 'Premier post.'),
(2, '2023-04-07 15:58:43', '2023-04-07 15:58:43', 2, 'Deuxième post.'),
(3, '2023-04-07 15:58:43', '2023-04-07 15:58:43', 3, 'Troisième post.'),
(4, '2023-04-07 15:58:43', '2023-04-07 15:58:43', 4, 'Quatrième post.'),
(5, '2023-04-07 15:58:43', '2023-04-07 15:58:43', 5, 'Cinquième post.'),
(6, '2023-04-07 15:58:43', '2023-04-07 15:58:43', 6, 'Sixième post.'),
(7, '2023-04-07 15:58:43', '2023-04-07 15:58:43', 7, 'Septième post.'),
(8, '2023-04-07 15:58:43', '2023-04-07 15:58:43', 8, 'Huitième post.'),
(9, '2023-04-07 15:58:43', '2023-04-07 15:58:43', 9, 'Neuvième post.'),
(10, '2023-04-07 15:58:43', '2023-04-07 15:58:43', 10, 'Dixième post.');

--
-- Dumping data for table `post_like`
--

INSERT INTO `post_like` (`id`, `created_at`, `modified_at`, `user_id`, `post_id`) VALUES
(1, '2023-04-07 19:54:35', '2023-04-07 20:15:57', 4, 3),
(2, '2023-04-07 19:54:35', '2023-04-07 20:15:57', 4, 5),
(3, '2023-04-07 19:54:35', '2023-04-07 20:15:57', 5, 2),
(4, '2023-04-07 19:54:35', '2023-04-07 20:15:57', 6, 1),
(5, '2023-04-07 19:54:35', '2023-04-07 20:15:57', 6, 5),
(6, '2023-04-07 19:54:35', '2023-04-07 20:15:57', 6, 7),
(7, '2023-04-07 19:54:35', '2023-04-07 20:15:57', 8, 4),
(8, '2023-04-07 19:54:35', '2023-04-07 20:15:57', 8, 6),
(9, '2023-04-07 19:54:35', '2023-04-07 20:15:57', 8, 8),
(10, '2023-04-07 19:54:35', '2023-04-07 20:15:57', 9, 9),
(11, '2023-04-07 19:54:35', '2023-04-07 20:15:57', 10, 4),
(12, '2023-04-07 19:54:35', '2023-04-07 20:15:57', 10, 8),
(13, '2023-04-07 19:54:35', '2023-04-07 20:15:57', 11, 1),
(14, '2023-04-07 19:54:35', '2023-04-07 20:15:57', 12, 6),
(15, '2023-04-07 19:54:35', '2023-04-07 20:15:57', 12, 9),
(16, '2023-04-07 19:54:35', '2023-04-07 20:15:57', 13, 1),
(17, '2023-04-07 19:54:35', '2023-04-07 20:15:57', 13, 8),
(18, '2023-04-07 19:54:35', '2023-04-07 20:15:57', 13, 9),
(19, '2023-04-07 19:54:35', '2023-04-07 20:15:57', 15, 2),
(20, '2023-04-07 19:54:35', '2023-04-07 20:15:57', 15, 6),
(21, '2023-04-07 19:54:35', '2023-04-07 20:15:57', 16, 4),
(22, '2023-04-07 19:54:35', '2023-04-07 20:15:57', 17, 5);

--
-- Dumping data for table `user`
--

INSERT INTO `user` (`id`, `created_at`, `modified_at`, `username`, `email`, `password`, `avatar`) VALUES
(1, '2023-04-07 15:58:43', '2023-04-07 15:58:43', 'Alice', 'alice@mail.com', 'password123', 'https://randomuser.me/api/portraits/women/1.jpg'),
(2, '2023-04-07 15:58:43', '2023-04-07 15:58:43', 'Bob', 'bob@mail.com', 'password123', 'https://randomuser.me/api/portraits/men/1.jpg'),
(3, '2023-04-07 15:58:43', '2023-04-07 15:58:43', 'Charlie', 'charlie@mail.com', 'password123', 'https://randomuser.me/api/portraits/men/2.jpg'),
(4, '2023-04-07 15:58:43', '2023-04-07 15:58:43', 'David', 'david@mail.com', 'password123', 'https://randomuser.me/api/portraits/men/3.jpg'),
(5, '2023-04-07 15:58:43', '2023-04-07 15:58:43', 'Eve', 'eve@mail.com', 'password123', 'https://randomuser.me/api/portraits/women/2.jpg'),
(6, '2023-04-07 15:58:43', '2023-04-07 15:58:43', 'Frank', 'frank@mail.com', 'password123', 'https://randomuser.me/api/portraits/men/4.jpg'),
(7, '2023-04-07 15:58:43', '2023-04-07 15:58:43', 'Grace', 'grace@mail.com', 'password123', 'https://randomuser.me/api/portraits/women/3.jpg'),
(8, '2023-04-07 15:58:43', '2023-04-07 15:58:43', 'Henry', 'henry@mail.com', 'password123', 'https://randomuser.me/api/portraits/men/5.jpg'),
(9, '2023-04-07 15:58:43', '2023-04-07 15:58:43', 'Isabel', 'isabel@mail.com', 'password123', 'https://randomuser.me/api/portraits/women/4.jpg'),
(10, '2023-04-07 15:58:43', '2023-04-07 15:58:43', 'Jack', 'jack@mail.com', 'password123', 'https://randomuser.me/api/portraits/men/6.jpg'),
(11, '2023-04-07 15:58:43', '2023-04-07 15:58:43', 'Karen', 'karen@mail.com', 'password123', 'https://randomuser.me/api/portraits/women/5.jpg'),
(12, '2023-04-07 15:58:43', '2023-04-07 15:58:43', 'Liam', 'liam@mail.com', 'password123', 'https://randomuser.me/api/portraits/men/7.jpg'),
(13, '2023-04-07 15:58:43', '2023-04-07 15:58:43', 'Mia', 'mia@mail.com', 'password123', 'https://randomuser.me/api/portraits/women/6.jpg'),
(14, '2023-04-07 15:58:43', '2023-04-07 15:58:43', 'Nathan', 'nathan@mail.com', 'password123', 'https://randomuser.me/api/portraits/men/8.jpg'),
(15, '2023-04-07 15:58:43', '2023-04-07 15:58:43', 'Olivia', 'olivia@mail.com', 'password123', 'https://randomuser.me/api/portraits/women/7.jpg'),
(16, '2023-04-07 15:58:43', '2023-04-07 15:58:43', 'Peter', 'peter@mail.com', 'password123', 'https://randomuser.me/api/portraits/men/9.jpg'),
(17, '2023-04-07 15:58:43', '2023-04-07 15:58:43', 'Queenie', 'queenie@mail.com', 'password123', 'https://randomuser.me/api/portraits/women/8.jpg'),
(18, '2023-04-07 15:58:43', '2023-04-07 15:58:43', 'Richard', 'richard@mail.com', 'password123', 'https://randomuser.me/api/portraits/men/10.jpg'),
(19, '2023-04-07 15:58:43', '2023-04-07 15:58:43', 'Sarah', 'sarah@mail.com', 'password123', 'https://randomuser.me/api/portraits/women/9.jpg'),
(20, '2023-04-07 15:58:43', '2023-04-07 15:58:43', 'Tom', 'tom@mail.com', 'password123', 'https://randomuser.me/api/portraits/men/11.jpg');

--
-- Dumping data for table `user_has_comment`
--

INSERT INTO `user_has_comment` (`id`, `user_id`, `comment_id`, `post_id`) VALUES
(1, 1, 1, 1),
(2, 1, 21, 5),
(3, 2, 2, 1),
(4, 3, 3, 1),
(5, 4, 4, 2),
(6, 5, 5, 2),
(7, 6, 6, 2),
(8, 7, 7, 3),
(9, 8, 8, 3),
(10, 9, 9, 4),
(11, 10, 10, 4),
(12, 11, 11, 5),
(13, 12, 12, 5),
(14, 13, 13, 5),
(15, 14, 14, 6),
(16, 15, 15, 6),
(17, 16, 16, 7),
(18, 17, 17, 7),
(19, 18, 18, 8),
(20, 19, 19, 8);

--
-- Dumping data for table `video`
--

INSERT INTO `video` (`id`, `created_at`, `modified_at`, `url`, `post_id`) VALUES
(1, '2023-04-07 19:54:21', '2023-04-07 19:54:21', 'https://example.com/video1.avi', 1),
(2, '2023-04-07 19:54:21', '2023-04-07 19:54:21', 'https://example.com/video2.mp4', 1),
(3, '2023-04-07 19:54:21', '2023-04-07 19:54:21', 'https://example.com/video3.mp4', 1),
(4, '2023-04-07 19:54:21', '2023-04-07 19:54:21', 'https://example.com/video1.mp4', 2),
(5, '2023-04-07 19:54:21', '2023-04-07 19:54:21', 'https://example.com/video2.mp4', 2),
(6, '2023-04-07 19:54:21', '2023-04-07 19:54:21', 'https://example.com/video1.avi', 3),
(7, '2023-04-07 19:54:21', '2023-04-07 19:54:21', 'https://example.com/video2.mov', 4),
(8, '2023-04-07 19:54:21', '2023-04-07 19:54:21', 'https://example.com/video1.mov', 5),
(9, '2023-04-07 19:54:21', '2023-04-07 19:54:21', 'https://example.com/video1.mp4', 6),
(10, '2023-04-07 19:54:21', '2023-04-07 19:54:21', 'https://example.com/video2.mp4', 6),
(11, '2023-04-07 19:54:21', '2023-04-07 19:54:21', 'https://example.com/video1.avi', 7),
(12, '2023-04-07 19:54:21', '2023-04-07 19:54:21', 'https://example.com/video1.mp4', 8),
(13, '2023-04-07 19:54:21', '2023-04-07 19:54:21', 'https://example.com/video1.mp4', 9),
(14, '2023-04-07 19:54:21', '2023-04-07 19:54:21', 'https://example.com/video2.mov', 9),
(15, '2023-04-07 19:54:21', '2023-04-07 19:54:21', 'https://example.com/video3.mp4', 9),
(16, '2023-04-07 19:54:21', '2023-04-07 19:54:21', 'https://example.com/video1.mp4', 10);
COMMIT;

/*!40101 SET CHARACTER_SET_CLIENT=@OLD_CHARACTER_SET_CLIENT */;
/*!40101 SET CHARACTER_SET_RESULTS=@OLD_CHARACTER_SET_RESULTS */;
/*!40101 SET COLLATION_CONNECTION=@OLD_COLLATION_CONNECTION */;
